_ - _ - id,_ - _ - place_latitude,_ - _ - place_longitude
E05553,27.523303,-99.5645
E06926,27.495568,-99.540115
E10209,27.488682,-99.511686
E11474,28.384098,-100.852408
E03450,28.57082,-100.61666
E06153,28.68092,-100.52326
E04641,28.697864,-100.518198
E10839,28.715375,-100.562016
E08596,29.31524,-100.95114
E04004,29.335069,-100.967862
E02203,27.64689,-101.27971
E09512,27.812442,-101.142511
E04701,27.861838,-101.118449
E02209,26.985727,-102.067016
E07427,27.049556,-101.532982
E08380,26.902477,-101.442307
E11879,26.927638,-101.430444
E05060,26.919717,-101.417321
E09277,27.00131,-105.04195
E05246,27.141203,-104.903126
E10470,27.684604,-105.165437
E07908,28.14606,-105.34232
E10133,29.55834167,-104.4120222
E07776,31.607092,-106.384251
E07226,31.620921,-106.365803
E06947,31.627906,-106.348895
E03820,31.671154,-106.47431
E06905,31.706455,-106.446865
E03986,31.664695,-106.426835
E04070,31.668964,-106.416421
E06683,31.675923,-106.408237
E09962,31.69555,-106.389972
E07486,31.614025,-106.533926
E09261,31.605629,-106.455229
E04417,31.66044,-106.447702
E07371,31.66285,-106.428367
E07302,31.614148,-106.396429
E08373,31.644318,-106.375132
E06452,31.642798,-106.346573
E03568,28.604832,-105.99588
E01365,28.391451,-105.621384
E05977,28.269349,-105.473979
E07531,28.612943,-106.107239
E06997,28.620369,-106.087305
E01352,28.625241,-106.070255
E05385,28.637158,-106.122624
E03960,28.667118,-106.111292
E03296,28.658619,-106.100741
E11762,28.733667,-106.100799
E07005,28.665936,-106.082919
E06999,28.644396,-106.059559
E03925,28.680874,-106.002417
E04897,25.953759,-105.364459
E12202,26.8100438,-105.8162321
E04110,26.928306,-105.675835
E08855,26.935006,-105.687841
E02180,26.95026,-106.349458
E03186,27.85543,-105.49107
E09449,28.18737,-105.43776
E05717,28.19998,-105.45351
E09997,28.39,-106.89
E01367,28.410257,-106.860161
E01362,28.306271,-106.479138
E06028,28.563076,-106.149546
E04557,28.673614,-106.134838
E04354,28.669149,-106.131076
E06111,31.742721,-106.514625
E01177,31.741389,-106.495499
E01166,31.734781,-106.483087
E05704,31.738359,-106.466885
E01185,31.747008,-106.455399
E08486,31.736022,-106.425078
E01393,29.247097,-107.415824
E04659,29.943484,-106.945511
E12200,30.44215278,-106.5215889
E04626,29.183642,-108.131692
E07898,29.6838,-108.27244
E01235,30.42908,-107.91453
E12276,31.092209,-108.001616
E08859,25.82894,-108.23052
E08579,26.42547,-107.25995
E10452,27.28139444,-108.2784972
E01410,27.973274,-107.601522
E07651,25.802113,-108.998971
E07340,25.823913,-108.970545
E07154,25.970018,-108.891982
E12810,26.40972222,-109.0172222
E11808,29.69098889,-108.9833306
E11874,29.99988056,-109.7782889
E05906,30.63186,-109.96445
E10146,31.32972,-109.51751
E05301,27.514888,-109.930398
E12359,27.51435,-109.90585
E04727,28.366168,-108.9253
E01363,28.545723,-107.476045
E06163,28.77414,-107.005545
E01366,28.954844,-106.71056
E11732,27.354704,-110.028503
E01255,27.486786,-109.932285
E10320,27.465144,-109.915653
E03539,27.409123,-109.83538
E09224,27.087611,-109.436321
E12657,29.14805556,-111.0061111
E09956,29.209811,-110.926097
E05506,29.685563,-110.960093
E11108,29.131348,-111.023056
E04160,29.138187,-110.995683
E04551,29.124513,-110.972188
E06820,29.137497,-110.910147
E06634,30.615269,-111.000498
E08234,30.644827,-110.946675
E08999,30.791903,-110.840413
E10889,31.00617,-110.3075
E08564,31.32389,-109.94536
E02158,31.314769,-109.545439
E05989,27.899517,-110.908181
E08292,27.946008,-110.856068
E12842,27.80611111,-110.6480556
E03802,28.987891,-110.971014
E07834,29.031404,-110.959016
E10829,29.04233,-110.99469
E09950,29.062064,-110.985678
E05452,29.07975,-110.955965
E07082,29.088039,-110.953598
E10978,26.008319,-111.350596
E02142,26.990302,-109.662946
E08870,27.069781,-109.459089
E05658,27.075549,-109.451386
E08840,28.83949,-111.48119
E10463,29.087154,-111.021957
E09515,29.069056,-110.990258
E03785,29.110653,-110.988436
E03597,29.100406,-110.970485
E06785,29.09461,-110.960434
E05122,29.098026,-110.944689
E07056,30.72127,-112.17219
E08509,30.70119,-112.15046
E11120,30.713246,-112.13274
E11829,31.290303,-110.968796
E04573,31.285253,-110.941807
E02156,31.307883,-110.941749
E01870,32.47156,-115.310593
E01814,32.553469,-115.253887
E08011,32.61195,-115.017354
E01871,32.635553,-114.850377
E01919,32.287842,-115.10011
E01849,32.524598,-114.917017
E08935,32.43473,-114.77877
E01978,32.471494,-114.782468
E01903,32.472679,-114.767155
E05711,32.46253,-114.74199
E06969,32.617374,-115.405703
E08322,32.63746,-115.412993
E12153,32.653405,-115.40118
E12543,32.670759,-115.403563
E05995,32.613687,-115.426851
E01840,32.639353,-115.431453
E01811,32.662559,-115.452849
E11948,32.552125,-115.417068
E06711,32.57822,-115.405461
E01791,32.591913,-115.400343
E08479,32.611295,-115.377728
E11934,32.594668,-115.469598
E07155,32.608433,-115.47222
E01864,32.623932,-115.452285
E01934,32.655299,-115.495707
E12367,32.662033,-115.484356
E01939,32.645576,-115.467261
E09497,32.595092,-115.502907
E01954,32.615476,-115.512803
E12376,32.63813333,-115.5229778
E08058,32.654919,-115.534013
E09943,26.72369722,-113.5727667
E01706,27.33507,-112.26387
E10472,27.945344,-110.933675
E02880,30.838982,-116.06055
E09278,30.422425,-115.880011
E10356,31.07432778,-114.8818944
E01907,31.691201,-114.501797
E08765,31.32591,-113.54351
E08696,31.33456,-113.52191
E02879,31.32661,-116.247748
E12018,31.76273611,-116.5876444
E05790,31.834581,-116.606226
E06286,31.847987,-116.591365
E12902,31.85938889,-116.6225139
E02605,31.851253,-116.605271
E02603,31.862006,-116.596343
E06472,32.459576,-116.897411
E12808,32.43526667,-116.8647306
E10447,32.483871,-116.872029
E07466,32.507632,-116.862473
E10998,32.488102,-116.840434
E12453,32.561672,-116.653996
E07736,32.489605,-116.916849
E05514,32.501004,-116.890165
E04805,32.514176,-116.888941
E07891,32.536481,-116.903586
E08384,32.54488,-116.916744
E06864,32.49127,-116.95302
E02701,32.501695,-116.970455
E07252,32.511035,-116.966286
E08955,32.516951,-116.980859
E10926,32.528683,-116.991609
E02647,32.540323,-116.997089
E07925,31.891389,-116.58858
E06838,32.572336,-116.61246
E09731,32.588743,-115.579744
E07120,32.31202,-117.045712
E11380,32.384087,-117.05754
E10064,32.432405,-117.042278
E10774,32.434519,-117.019473
E09203,32.406042,-116.966795
E07153,32.47264,-116.93459
E02663,32.513461,-117.12035
E08661,32.508048,-117.065285
E02413,32.531525,-117.048934
E02717,32.523916,-117.035418
E06062,32.522848,-117.025942
E02638,32.516568,-117.013002
E07838,26.037075,-98.278183
E08861,26.047683,-98.300196
E08712,26.06061,-98.248384
E02102,26.069334,-98.289053
E04720,26.079131,-98.309332
E02110,26.087763,-98.277808
E08210,26.009094,-98.277056
E09073,26.003501,-98.247036
E07256,26.00836,-98.206623
E02113,25.986823,-98.107335
E08821,25.995191,-98.0693
E10951,25.971221,-97.695577
E02081,25.867587,-97.503949
E09007,25.85088,-97.49159
E09413,25.863226,-97.48039
E11957,25.86256374,-97.46021535
E08680,25.87252,-97.55154
E05831,25.86243,-97.52896
E10392,25.855192,-97.509226
E06123,25.8317,-99.01165
E08450,26.028671,-98.438669
E06156,26.051708,-98.376838
E09901,25.667047,-97.867426
E07844,25.7119,-97.81573
E07816,25.770115,-97.539823
E04644,25.835193,-97.509964
E09510,25.849569,-97.459672
E09264,25.832405,-97.373759
E12754,25.70470833,-100.1556722
E04456,25.329293,-100.060278
E08927,25.559402,-100.006834
E10765,25.600843,-99.971973
E10818,25.455599,-100.158915
E08339,25.537993,-100.219007
E10033,25.59771,-100.263455
E03726,25.63652,-100.375531
E04191,25.66904,-100.178382
E04300,25.723276,-100.191544
E04896,25.346494,-98.216119
E05754,26.042791,-98.350521
E07377,26.055069,-98.320284
E04096,26.067597,-98.338724
E10694,26.077113,-98.325711
E04107,25.26543,-101.09039
E07518,25.392726,-101.002559
E09150,25.416241,-100.975903
E09388,25.438434,-100.978788
E07034,23.76569,-99.160675
E03774,23.772683,-99.139703
E07198,23.853702,-99.055448
E03121,24.209391,-98.484473
E10969,23.75569,-99.17353
E10612,24.106613,-99.8299
E08700,24.85023,-99.5716
E11562,24.872628,-99.57941
E06615,25.18795,-99.83114
E06961,25.26259,-100.01178
E09857,25.327565,-99.985638
E02258,24.614623,-101.374091
E10958,23.707999,-100.84916
E11593,23.636145,-100.643901
E08733,23.545862,-100.627291
E02336,22.246783,-97.873078
E03561,22.253437,-97.825373
E07465,22.26255,-97.850531
E06694,22.275216,-97.873581
E07771,22.288967,-97.813044
E05820,22.306671,-97.858038
E05715,22.394021,-97.893129
E10241,22.170726,-100.961696
E03542,22.205159,-100.923272
E02309,22.466359,-100.667769
E03812,23.165494,-100.523875
E11232,22.635955,-101.70642
E05224,22.274203,-101.120248
E11090,22.202153,-101.0254
E05059,22.155667,-101.006492
E12364,22.163208,-100.99503
E08090,22.153908,-100.981507
E10438,22.147364,-102.293909
E01122,22.233582,-102.319235
E03519,22.429232,-102.247491
E02466,22.749146,-102.501016
E05475,22.756691,-102.507819
E08223,22.22553,-97.90096
E02355,22.550442,-98.149828
E06298,22.742226,-98.962754
E09195,22.821667,-99.010441
E01294,22.994367,-98.945132
E09850,23.722941,-98.998426
E03885,22.13127,-100.969346
E05172,22.143963,-100.951292
E08014,22.153082,-100.929184
E04968,22.154453,-100.913363
E08024,22.4099,-99.59762
E10453,22.866716,-100.16517
E08288,23.683093,-100.20114
E09397,23.728403,-99.144081
E09457,23.735825,-99.155962
E04534,23.741778,-99.155068
E05112,21.95503,-102.33757
E11800,21.916592,-102.312679
E04941,21.914739,-102.292621
E07569,21.991783,-102.288905
E10143,21.92773,-102.267388
E10875,21.893198,-102.253915
E07106,22.043393,-101.960815
E11433,22.109835,-100.960663
E02272b,22.08661,-100.879471
E08063,21.691946,-100.620312
E07871,21.84918,-97.74963
E05575,22.194146,-97.835699
E05737,22.22171,-97.88766
E04653,21.168033,-98.604984
E12587,21.27384722,-98.37090278
E02923,21.600782,-98.668357
E03277,22.001719,-98.781051
E10906,21.251006,-102.327782
E03160,21.291322,-102.269726
E09324,21.335779,-101.961129
E01721,21.357893,-101.927783
E08518,21.474993,-101.788206
E06038,21.141231,-101.702231
E03959,21.138344,-101.676514
E07015,21.148078,-101.655559
E05827,21.156506,-101.668126
E04932,21.84481,-101.59528
E11194,21.088678,-101.622673
E03313,21.097694,-101.630923
E11133,21.103699,-101.660219
E05226,21.112456,-101.624603
E06506,21.125661,-101.629542
E08909,21.131326,-101.660794
E05822,21.118052,-101.708198
E01718,21.103781,-101.690819
E04792,21.133801,-101.687248
E04505,21.137808,-101.678775
E06103,21.26224,-99.49453
E09575,21.942317,-99.394536
E01271,21.986615,-99.012061
E09922,21.999444,-99.0743
E06741,21.17156,-100.8935
E04515,21.285984,-100.700541
E12017,21.303116,-100.528814
E04034,20.96382,-100.426685
E07708,21.109386,-101.598027
E10512,20.978123,-101.474323
E06471,20.991865,-101.284671
E05038,21.121091,-102.001974
E03462,20.979776,-101.843978
E04005,21.121815,-101.722217
E04358,20.699624,-100.336561
E04234,20.769709,-100.048575
E07585,21.003901,-100.38132
E12504,21.14221,-100.318922
E09221,21.87409,-99.97285
E10157,21.9251976,-99.9904739
E04875,21.987496,-99.648489
E12352,20.54544444,-97.43849444
E11361,20.591544,-97.495608
E04082,20.72521,-97.844254
E06466,20.905723,-97.67947
E08490,21.01089,-98.33536
E09932,21.311326,-97.737384
E01449,23.84438,-104.24194
E07731,23.63885,-103.64306
E10862,23.95731,-103.43684
E08945,23.57936,-103.27347
E02458,23.835206,-103.052549
E02552,23.298019,-102.958422
E02449,23.173721,-102.91788
E11589,23.194316,-102.860223
E07530,23.024835,-102.757876
E12382,22.74377,-102.505692
E08306,22.755893,-102.594968
E09526,22.773402,-102.628529
E06627,22.94029,-102.555963
E11233,21.862479,-102.317587
E03276,21.872283,-102.317831
E02468b,21.877731,-102.270829
E01107,21.889472,-102.288816
E02455,22.560257,-102.252101
E06484,21.810246,-105.225452
E02394,21.943471,-105.297483
E12207,22.390645,-105.45477
E06229,22.54471,-105.74033
E06688,21.68612,-103.80538
E02782,21.929867,-103.440809
E07130,22.3282,-103.31407
E02442,22.631814,-103.000724
E05197,22.341968,-102.879368
E11101,21.863123,-102.693191
E07653,21.515784,-104.91248
E06748,21.527141,-104.93031
E09367,21.665488,-105.327969
E09549,21.473901,-105.194671
E05386,21.504306,-104.894297
E08242,21.485347,-104.876272
E11147,21.470108,-104.848896
E03775,21.646196,-102.278233
E10739,21.757759,-102.278129
E01099,21.834805,-102.28978
E11043,21.85159,-102.352992
E08489,21.03086,-105.25569
E02380,21.24269,-104.90816
E04144,21.46652,-104.8791
E03164,21.188315,-104.634891
E08882,21.03854,-104.37274
E05138,21.522003,-103.406552
E03380,21.18877,-102.885321
E07206,21.14828,-102.68019
E06696,21.15356,-102.46255
E01540,20.692253,-103.348522
E12198,20.701883,-103.327777
E10751,20.717081,-103.328853
E09860,20.756988,-103.3428
E02876,20.69144,-103.415893
E08423,20.728076,-103.39058
E08799,20.716045,-103.380255
E11219,20.86236,-105.42579
E10475,20.748951,-105.315963
E05851,20.7042,-105.27286
E05186,20.698985,-105.241052
E11594,20.766154,-105.22244
E03810,20.69171,-103.311841
E03339,20.672216,-103.294353
E06940,20.68935,-103.26195
E09359,20.873516,-103.1409
E05492,20.778179,-103.692045
E04391,20.724313,-103.502452
E12396,20.66619722,-103.4589306
E05742,20.659455,-103.422981
E04461,20.686749,-103.445101
E11624,20.730228,-103.431772
E07450,20.805697,-103.455802
E03265,20.669593,-103.403524
E09325,20.684366,-103.381114
E12644,20.66336111,-103.3664583
E01517,20.675161,-103.357246
E01532,20.662312,-103.346012
E05146,20.677392,-103.334253
E01529,20.68063,-103.32166
E09444,20.642031,-103.302856
E03404,20.62854,-103.290829
E03701,20.662664,-103.276624
E09683,20.666428,-103.233236
E05627,20.624353,-103.32639
E11820,20.634928,-103.326662
E05555,20.645556,-103.362624
E12572,20.567217,-103.39183
E11273,20.599254,-103.379502
E08951,20.633895,-103.379459
E10898,20.64251944,-103.4124
E03533,20.605834,-103.262946
E03129,20.619558,-103.246505
E11260,20.574979,-103.181035
E09041,20.58668,-103.11609
E08639,20.574469,-103.364146
E08963,20.58688,-103.33001
E10697,20.596854,-103.3029
E03901,20.617186,-103.280173
E07190,20.548389,-103.302275
E04883,20.504409,-103.279851
E11682,20.52922,-103.241557
E12551,20.63550278,-103.7117333
E10557,20.485437,-103.510277
E07022,20.555641,-103.456817
E12197,20.629485,-103.449643
E10113,20.652153,-103.441662
E04181,20.644867,-103.432561
E05435,20.563122,-103.413184
E08591,20.467529,-102.907541
E03751,20.72112,-102.905137
E01619,20.80356,-102.75926
E01620,20.82172,-102.750651
E03523,20.433034,-102.12765
E06328,20.55238,-102.0453
E03614,20.686857,-102.233914
E03607,20.740086,-102.515308
E01618,20.090531,-103.380767
E11407,20.42978,-103.407115
E12036,20.468703,-103.440134
E09253,20.521844,-103.422298
E01596,20.527208,-104.80189
E05309,20.522896,-104.337422
E06314,20.77366,-104.07136
E11218,20.447166,-103.945586
E03628,20.678078,-103.847836
E10511,20.66058,-103.734776
E03409,20.006659,-103.151017
E10270,20.297392,-103.289657
E10471,20.390977,-103.114442
E09939,20.45484,-103.251246
E02386,20.61867,-105.23117
E04322,20.6523,-105.24099
E11197,20.664603,-105.229759
E10548,20.158951,-102.617104
E07318,20.302177,-102.541245
E03682,19.962069,-102.438828
E10683,19.975255,-102.285268
E05598,20.352025,-102.019447
E03938,19.99488,-102.80258
E06699,20.06146,-102.71611
E08407,20.31862,-102.77473
E07775,19.78726,-104.35751
E01578,19.804713,-104.204373
E01611,19.883351,-103.598145
E09404,20.411956,-103.558744
E08047,19.55486,-103.80405
E07113,19.68044,-103.47759
E02787,19.531844,-103.420315
E03644,19.689031,-103.242285
E07758,19.2684,-103.74323
E09341,19.262644,-103.725735
E04891,19.261863,-103.683677
E08677,19.14062,-102.21352
E12331,19.408899,-102.066925
E01000,19.434024,-102.075408
E12077,19.094949,-102.347388
E08118,19.33262,-102.4644
E08807,18.934104,-103.973444
E09368,19.056444,-104.292149
E08159,19.087525,-104.279842
E08705,19.11446,-104.32358
E10051,19.139355,-104.43196
E05145,19.451412,-104.365775
E11091,19.763119,-104.367755
E03299,18.778706,-103.152077
E03375,18.927449,-103.884828
E04648,19.140145,-103.77206
E09210,19.221434,-103.713625
E11520,19.240042,-103.756945
E05813,19.252257,-103.74553
E12740,20.05889,-99.32578
E06251,20.09808,-99.138788
E12831,20.17752,-99.39849
E00712,20.246274,-99.18757
E07135,20.47146,-99.20643
E11295,20.5317,-99.31691944
E07168,19.879804,-98.947654
E09581,20.010591,-98.821619
E12016,20.08021389,-98.78745278
E07425,20.092882,-98.762251
E05105,20.101092,-98.747201
E04062,20.086928,-98.741571
E08798,20.085281,-98.718168
E11817,19.795477,-99.1797
E10414,19.832275,-99.245249
E09742,19.958367,-99.171457
E12697,19.68575,-99.34314
E05288,19.893666,-99.346168
E03565,19.961591,-99.487601
E12464,20.038311,-99.565662
E10339,19.704131,-98.945184
E08836,19.775684,-99.014942
E07555,19.834483,-98.94162
E09784,19.850734,-98.974847
E09223,19.663296,-99.171381
E05137,19.675653,-99.133888
E07182,19.741936,-99.089703
E04923,19.667675,-99.211368
E06776,19.713001,-99.20262
E09979,19.683957,-99.185735
E05136,19.614778,-99.001445
E06585,19.620865,-99.045306
E05383,19.636532,-99.002542
E10455,19.666395,-99.055113
E06886,19.623784,-99.155316
E12801,19.64243,-99.11435
E10390,19.559187,-99.0825
E06382,19.581331,-99.203625
E04489,19.608095,-99.18256
E04602,19.619852,-99.173201
E05048,19.654131,-99.19665
E09186,19.639001,-99.318427
E08092,19.593183,-99.280552
E09247,19.567632,-99.252544
E08784,19.56659,-99.242102
E09522,19.609163,-99.231794
E11647,19.640062,-99.223048
E03535,19.528471,-99.053054
E05488,19.549426,-99.05305
E10954,19.572034,-99.053437
E08632,19.59132,-99.043131
E06049,19.601469,-99.011974
E06972,19.611523,-98.948015
E09827,19.61469,-98.96627
E03003,19.553579,-99.211381
E10203,19.541472,-99.196704
E00282,19.535201,-99.188569
E09229,19.529865,-99.17842
E02718,19.495698,-99.159317
E06735,19.514542,-99.13524
E05726,19.557893,-98.911038
E10524,19.650044,-98.90331
E06002,19.518456,-98.880614
E02783,19.440156,-99.104676
E00136,19.443285,-99.117224
E07320,19.465042,-99.084139
E00131,19.48701,-99.122674
E06108,19.507046,-99.071968
E00268,19.528935,-99.075772
E05020,19.431982,-99.202272
E00306,19.459924,-99.186953
E00027,19.435057,-99.171882
E00111,19.442049,-99.156182
E00073,19.472822,-99.142744
E02508,19.444782,-99.13486
E06804,19.498148,-99.377012
E07140,19.502454,-99.267734
E06581,19.470741,-99.240296
E08933,19.459136,-99.231108
E12960,19.46363,-99.22439
E03190,19.44639,-99.21659
E04765,19.401195,-99.191761
E00076,19.420302,-99.176236
E00068,19.397094,-99.167293
E00176,19.424055,-99.155856
E00181,19.398603,-99.145394
E05349,19.392367,-99.050204
E05639,19.408956,-99.023993
E11497,19.41918,-99.056662
E08061,19.429266,-99.051163
E05401,19.453159,-99.050651
E03361,19.494324,-99.045834
E03838,19.527192,-99.031385
E04900,19.417725,-99.127221
E09057,19.39789,-99.116784
E02515,19.397196,-99.09939
E04099,19.428516,-99.091878
E04738,19.375317,-99.078744
E05035,19.383256,-99.066476
E09011,19.389347,-98.9801
E06249,19.364424,-98.950593
E05603,19.399694,-98.929565
E10499,19.399248,-98.879917
E02927,19.360967,-99.18894
E06131,19.384728,-99.185817
E05155,19.364591,-99.161507
E02503,19.354858,-99.151972
E05691,19.394302,-99.141341
E05504,19.339024,-99.127359
E05628,19.371032,-99.080026
E03651,19.359827,-99.039675
E08043,19.388288,-99.029923
E11846,19.391344,-99.011162
E04361,19.369835,-98.995288
E00970,19.288604,-99.676491
E00963,19.292211,-99.643201
E00960,19.286498,-99.606641
E07468,19.293802,-99.557978
E05422,19.347289,-98.96519
E06034,19.315879,-98.950119
E06122,19.310675,-98.904694
E07200,19.229783,-98.916319
E00237,19.260691,-98.896225
E04988,19.276024,-98.935274
E09134,19.292437,-98.906421
E10439,19.281409,-99.214978
E10274,19.301427,-99.165947
E07327,19.282325,-99.142979
E02895,19.293015,-99.124982
E11437,19.293992,-99.102773
E11001,19.257516,-99.02377
E10013,19.284732,-99.524797
E12172,19.2813,-99.4896
E05126,19.283204,-99.457288
E10138,19.383839,-99.294425
E06155,19.399634,-99.268688
E03618,19.315829,-99.233377
E08414,19.338436,-99.213705
E07281,19.284609,-99.610118
E03154b,19.218066,-99.591839
E10096,19.250735,-99.577339
E12458,19.2563,-99.5531
E06440,18.9105,-99.7656
E11348,18.956629,-99.59137
E11560,19.047322,-99.541984
E00937,18.93275,-99.4295
E12665,18.93886,-99.25673
E10299,18.966084,-99.236131
E06202,18.92454,-99.222016
E02531,18.922115,-99.207256
E09504,18.888355,-99.184703
E12501,18.88765,-99.16187
E08131,18.888155,-98.996873
E07242,18.916693,-98.895268
E00222,19.112027,-98.77559
E09894,18.594492,-99.258741
E10089,18.702512,-99.276754
E10401,18.802748,-99.22312
E00462b,18.88993,-99.228588
E10945,18.572451,-98.821691
E09080,18.771301,-98.894939
E11374,18.849582,-98.938575
E08211,16.97763,-99.1105
E03705,17.495313,-99.46829
E02925,17.545616,-98.578053
E07635,17.59403,-99.16317
E06584,18.11951,-99.11621
E00483b,18.329059,-99.503414
E00477,18.347504,-99.545808
E08483,16.87346,-99.866561
E04832,16.892381,-99.833826
E06494,16.818701,-99.81335
E10484,16.858076,-99.807051
E06594,16.844513,-99.785517
E03526,16.718019,-99.122495
E12561,16.80445,-98.3063
E05962,20.955505,-97.402144
E09217,20.43586,-97.330842
E09506,20.964416,-97.328337
E00684,20.120477,-98.740764
E04488,20.135759,-98.88477
E07373,20.253956,-98.99411
E08197,20.28471,-98.944501
E09530,20.563067,-99.149903
E06262,21.0607,-98.4993
E07928,20.0381,-98.3141
E08812,20.07401,-98.35171
E00735,20.094988,-98.362488
E04911,20.147214,-98.294567
E05712,19.989644,-98.706489
E00719,19.984757,-98.62337
E03499,20.148356,-98.440038
E07857,20.0002,-98.3003
E00751,20.173404,-98.059527
E10779,19.92253,-97.97012
E00753,20.385295,-97.883467
E05551,20.007297,-97.533341
E07637,20.533684,-97.466401
E11352,20.515786,-97.439932
E10857,20.05608,-97.37515
E10238,19.796897,-97.315661
E08820,19.768549,-97.246434
E00756,20.05941,-97.067376
E08186,20.05432,-97.04571
E00758,19.934816,-96.850479
E08389,19.533396,-98.847938
E12702,19.7073,-98.70479
E00723,19.788618,-98.55419
E03849,19.498966,-98.053896
E00798,19.599721,-97.616953
E11463,19.765322,-97.550632
E00846,19.851467,-97.456919
E04683,19.517154,-96.882184
E08614,19.545952,-96.873229
E05534,19.56212,-96.929616
E09430,19.59167139,-98.56388503
E07143,19.6689,-98.3736
E07059,19.326278,-98.217645
E09621,19.407659,-98.193052
E00788,19.416916,-98.142462
E09700,19.464321,-98.113134
E10150,19.25476,-97.2614
E05540,19.333106,-96.996281
E08149,19.549874,-96.947705
E08369,19.54814,-96.935065
E09499,19.290502,-97.91954
E00501,19.324407,-97.648787
E03818,19.427155,-97.797961
E08663,19.466587,-96.76995
E12159,19.373675,-96.589873
E11358,19.685474,-96.409538
E05402,19.399731,-96.360255
E10664,19.214759,-96.224378
E11962,19.215214,-96.173431
E07490,19.260683,-98.879499
E09776,19.224154,-98.866213
E09023,19.219275,-98.833878
E04079,19.265454,-98.514591
E05494,19.267959,-98.431579
E10806,19.14871,-98.399321
E09987,19.238189,-98.369753
E06100,19.151602,-98.289036
E04512,19.284446,-98.239456
E11530,19.152365,-98.210082
E07055,19.117165,-96.1483
E08934,19.1616,-96.153297
E08944,19.17935,-96.140411
E01030,19.197972,-96.145608
E12344,19.17582,-96.26958
E08801,19.076086,-96.203514
E10587,19.153112,-96.181663
E10760,19.162038,-96.171462
E09063,19.058229,-98.320088
E05688,19.059288,-98.294587
E06055,19.060099,-98.276025
E12357,19.12139,-98.26397
E07884,19.08564,-98.238102
E11726,19.07766,-98.228497
E11089,19.090694,-98.219356
E08913,19.137691,-98.189101
E03852,19.051952,-98.149629
E02538,19.063858,-98.197422
E09880,19.07384,-98.11445
E11281,19.087461,-98.177686
E11896,18.925685,-98.453045
E06281,19.040594,-98.273222
E11190,19.009056,-98.244219
E04219,19.045529,-98.221071
E02877,19.026565,-98.208685
E07431,19.03378,-98.184845
E00829,19.043202,-98.156312
E00513,19.139422,-97.646791
E00498,18.996269,-97.450454
E08250,18.94818,-97.016447
E00442,19.146106,-96.982687
E00437,18.901497,-96.953512
E09318,18.893221,-96.93902
E05525,18.907486,-98.451434
E07447,18.971915,-98.262255
E09220,18.993726,-98.224206
E06501,19.00437,-98.206302
E06936,18.971445,-98.192048
E12498,18.991098,-98.167106
E04665,19.044197,-98.066232
E12166,19.266973,-98.448337
E12067,18.980418,-98.253207
E04775,19.135326,-98.222728
E06350,19.064308,-98.214543
E03629,19.072348,-98.204248
E08134,18.791808,-97.41492
E09299,18.816087,-97.219906
E11976,18.838719,-97.136625
E00667,18.846534,-97.102533
E07561,18.849191,-97.088269
E06990,18.861724,-97.059408
E09227,18.702507,-96.752677
E03498,18.83799,-96.82055
E05318,18.862293,-96.886113
E04206,18.977087,-96.727453
E01027,19.04994,-96.42303
E10420,18.53863772,-96.24748274
E08095,19.051194,-96.162564
E09480,18.729737,-97.910184
E06344,18.88152,-97.73281
E08827,18.91106,-97.89658
E05594,18.959705,-97.831765
E12234,18.99904,-97.880597
E09797,19.03241,-97.99554
E04132,17.989111,-97.89548
E08406,17.80275,-97.75892
E08036,18.332931,-97.46696
E00915,18.463572,-97.401797
E11306,18.451967,-97.370353
E08205,18.26823,-97.16126
E04274,18.07434,-96.40647
E10598,18.080265,-96.119845
E09617,18.112802,-96.135105
E11161,18.339052,-96.2452
E11629,18.474747,-96.361395
E05334,17.081908,-96.748185
E04555,17.040362,-96.719602
E11639,17.072923,-96.670892
E02582,17.022887,-97.924421
E05395,17.281409,-97.670538
E00655,17.50678,-97.48326
E03247,17.204885,-96.79403
E09747,16.355027,-98.070951
E12560,16.685907,-98.441799
E06946,17.32065,-98.01422
E05528,17.67435,-98.220097
E03510,18.090748,-98.123109
E09611,18.593806,-98.475225
E04162,16.28225,-97.82909
E08400,16.00425,-97.43035
E06659,15.88143,-97.07927
E12278,16.755566,-96.829763
E11597,15.764752,-96.122009
E09183,16.426,-96.453
E07455,16.803535,-96.403368
E11676,17.00741,-96.768144
E06015,21.14533,-86.83726
E03252,21.16941,-86.83823
E07054,21.18616,-86.84085
E07550,20.47733,-86.97294
E10121,20.66055325,-87.06978236
E09353,20.91119444,-86.875525
E11851,21.107387,-86.961505
E06602,20.88061,-87.54027
E07214,20.99055,-87.1904
E08837,20.6367,-87.08114
E12261,20.984946,-89.237706
E09737,21.279275,-88.938636
E00570,20.68973,-88.20582
E03942,21.33993,-89.30665
E03941,21.51748,-87.68641
E06239,21.15601,-86.88126
E11312,21.179371,-86.862997
E04936,18.24704,-88.65059
E03426,18.50513,-88.52554
E09362,18.518721,-88.329536
E08581,18.52525,-88.31935
E08301,18.6849,-88.39508
E09481,19.74340908,-88.70361213
E09637,20.212378,-89.300528
E11569,20.939132,-89.543322
E12500,20.905508,-89.508109
E12409,21.012425,-89.396915
E09171,20.969523,-89.689265
E05075,20.963847,-89.650162
E03275,20.990745,-89.637929
E00551,20.975633,-89.620319
E11818,20.988873,-89.595463
E09717,20.981078,-89.573443
E12563,21.008847,-89.715841
E11444,21.020418,-89.635112
E00553,21.003128,-89.602413
E05295,21.026074,-89.561458
E11666,21.044357,-89.628848
E08421,21.091091,-89.561407
E03940,21.276465,-89.660535
E06243,19.831467,-90.495665
E12369,20.37879499,-90.04851378
E04914,20.84941,-90.40143
E09736,20.912077,-89.959882
E05585,20.927153,-89.684951
E00545,20.939701,-89.567602
E09415,20.945339,-89.57294
E03801,18.9681,-91.17598
E04197,19.814143,-90.52991
E04442,19.854027,-90.530426
E06107,16.24319,-92.13823
E02950,16.11776,-92.05512
E11919,15.833597,-91.965986
E10197,14.673386,-92.155181
E06362,14.871958,-92.28838
E12151,14.894069,-92.260336
E08679,14.915384,-92.267996
E05965,18.53522,-92.65493
E06925,18.64785,-91.84855
E08472,18.65538,-91.81659
E06259,15.66361,-92.30694
E02851,16.27827,-92.44909
E08674,16.557024,-92.81257
E00349,16.73187,-92.65437
E11191,15.2751,-92.693785
E03517,15.009499,-92.40216
E12102,15.367609,-92.241987
E04542,17.590912,-92.96325
E08766,17.918728,-92.911935
E10802,17.779624,-92.679313
E06033,17.87054,-92.49021
E07095,17.70764,-92.01006
E11423,17.868293,-91.778467
E09745,17.46270278,-91.41555
E10525,17.959432,-92.967572
E07671,17.980448,-92.950161
E05487,17.97525,-92.93938
E01067,17.992261,-92.932332
E11245,18.015409,-92.921094
E04979,18.025068,-92.905474
E03031,18.061382,-93.180994
E11139,18.175619,-93.064134
E01048,18.256102,-93.217017
E11422,18.414122,-93.18326
E03799,16.17308,-93.06338
E05223,16.700313,-93.027838
E05381,16.731562,-93.10659
E07633,16.739465,-93.094791
E06950,16.766968,-93.166579
E08330,16.749864,-93.148921
E12670,16.74507548,-93.13189623
E06578,16.747693,-93.083514
E05763,16.797774,-93.268264
E10966,17.518876,-93.118873
E03355,17.847402,-93.398851
E11051,17.976447,-93.384304
E06428,17.985158,-93.002634
E01046,17.998923,-93.372711
E06456,16.07976,-93.74727
E00336,16.2409,-93.88711
E05526,16.685425,-93.642116
E08471,16.768112,-93.296639
E06693,17.88808,-94.10185
E10634,17.999681,-93.419226
E05080,18.269391,-93.313696
E10538,18.149881,-94.46283
E08741,18.12308,-94.45093
E03995,18.13682,-94.43417
E08129,18.02826,-94.68028
E09475,18.05794758,-94.57128462
E00577,17.99195,-94.54514
E05407,18.098752,-94.389427
E03103,17.13655,-95.06198
E04982,17.921267,-94.930986
E08154,17.9612,-94.72824
E12600,18.44689,-95.23074
E06942,18.43283,-95.15278
E10188,18.12286245,-94.549739
E10076,16.325408,-95.246052
E00893,16.54808,-95.08754
E09871,16.583887,-94.940325
E05847,16.22486,-93.92208
E02959,17.783605,-95.831208
E01013,18.364734,-95.775786
E03211,18.067576,-95.53243
E06104,19.188626,-96.135573
E01032,19.189614,-96.13141
E10094,19.004231,-96.111316
E06536,19.100156,-96.106342
E05127,18.985887,-96.086173
E05458,18.785705,-95.783593
E11941,18.591437,-95.386397
E08027,20.379348,-96.928498
E10000,21.13324444,-86.872275
E11405,21.137569,-86.832725
E08482,20.671775,-101.297964
E11769,20.679129,-101.346958
E12391,20.686006,-101.404634
E10202,20.708501,-101.365283
E11906,20.871414,-101.532256
E06106,20.938286,-101.435113
E07872,20.630328,-100.969388
E12208,20.888526,-100.76307
E08109,20.8837,-100.57846
E04784,20.616621,-100.437465
E04041,20.618875,-100.410931
E11751,20.638287,-100.415514
E07538,20.650421,-100.404407
E11578,20.832152,-100.440664
E07509,20.630788,-101.389795
E11897,20.652198,-101.358755
E01663,20.662328,-101.315831
E03602,20.580935,-101.220793
E04380,20.575687,-100.386285
E12499,20.587118,-100.394617
E12286,20.603453,-100.406488
E09407,20.534252,-100.496687
E12619,20.57999,-100.48484
E11577,20.620247,-100.457767
E12490,20.726672,-100.440222
E04047,20.518522,-100.861296
E08852,20.531485,-100.836224
E04977,20.509781,-100.818838
E08462,20.512523,-100.804969
E11310,20.547733,-100.780494
E09991,20.577345,-101.215339
E05782,20.579328,-101.205378
E09017,20.589347,-101.187802
E02910,20.597874,-101.179783
E04870,20.631676,-100.99327
E09393,20.591299,-100.367354
E11481,20.651731,-100.343066
E12346,20.634544,-100.260003
E11479,20.609646,-100.161938
E00889,20.660276,-99.901217
E05070,20.55493,-100.4196
E04127,20.592737,-100.413946
E00883,20.57914,-100.399851
E06801,20.70816,-102.38414
E03601,20.604133,-102.220116
E01671,20.335265,-102.018322
E05617,20.74006,-101.930979
E11704,20.456105,-101.003865
E11220,20.478304,-100.809249
E09831,20.305811,-100.770021
E04427,20.463428,-100.628395
E01662b,20.450893,-101.553383
E07625,20.474692,-101.500005
E09647,20.371299,-101.316107
E03825,20.572365,-101.225284
E11265,20.403604,-100.096277
E06564,20.395447,-99.988527
E08300,20.14435,-99.95439
E05751,20.490727,-99.934197
E11656,20.53789,-99.892965
E07929,20.080814,-99.641589
E09100,19.83728,-102.21964
E01078,19.953032,-102.307059
E01093,19.982028,-102.289412
E03372,20.141727,-102.067688
E06307,19.877481,-100.92513
E11210,20.221014,-100.862138
E09843,19.902991,-100.792852
E05515,20.00397,-100.7303
E00626,19.884831,-100.665089
E04108,19.901183,-100.452233
E11785,19.77545,-101.132578
E05050,20.049978,-101.150455
E08631,20.157654,-101.163021
E04933,20.368414,-101.190186
E08563,20.452129,-100.964922
E12025,19.836372,-101.770008
E12146,20.096282,-101.52277
E04713,20.131151,-101.207853
E09856,19.687983,-101.301105
E08185,19.677921,-101.233858
E05199,19.725379,-101.224729
E00608,19.703179,-101.20437
E05876,19.719121,-101.188847
E00586,19.70864,-101.168648
E06767,19.5602,-99.602
E03325,19.57616,-99.71184
E12089,19.776833,-99.862754
E04421,19.91342,-99.84749
E09540,19.98724,-100.222657
E04052,19.859764,-100.029391
E11253,19.796517,-99.936639
E04051,19.81243,-99.87021
E12020,19.319784,-99.547365
E03285,19.348409,-99.590396
E08492,19.4208,-99.5619
E10621,19.2568,-99.7088
E09903,19.28858,-99.696363
E04816,19.297653,-99.741244
E08098,19.4323,-99.7251
E05111,19.55029,-102.441082
E00999,19.426069,-102.040783
E04250,19.437944,-102.01412
E09511,19.655703,-101.926824
E04674,19.258752,-99.64293
E11263,19.271284,-99.66434
E07539,19.27704,-99.637376
E00594,19.215057,-101.703798
E06976,19.41191,-101.62107
E07234,19.51773,-101.61752
E06393,19.55716,-101.4222
E04734,18.91158,-100.15816
E03284,19.16086,-100.10644
E02566,19.36874,-99.75672
E12449,19.42057,-100.10622
E04404,19.113944,-102.37596
E00983,19.072689,-102.346732
E04889,19.008893,-102.09932
E04981,18.470978,-100.980531
E07158,19.03169,-101.12949
E03101,19.435111,-100.357118
E07172,19.558,-100.35315
E06913,19.67206,-100.73991
E08235,19.68676,-100.52342
E04544,19.69937,-101.1543
E06548,18.40961,-100.49168
E03349,18.86546,-99.88687
E03172,18.549683,-99.609656
E04808,18.751605,-99.365619
E08323,18.842477,-99.199053
E05227,18.87131,-99.069058
E09471,18.802936,-98.964587
E06019,18.36585,-102.29191
E12674,17.96957778,-102.2124667
E02561,17.956662,-102.193712
E11527,16.83549,-99.903842
E04233,16.859162,-99.891804
E08517,16.871728,-99.901239
E03126,17.204002,-100.4386
E00328,17.2118,-100.63201
E04269,17.623074,-101.458561
E06403,17.72802,-101.60738
E08359,18.34476,-100.65391
E10200,26.331586,-98.829905
E04998,26.419434,-99.149968
E12037,27.41958611,-99.53537778
E10017,27.446474,-99.519735
E08425,27.462071,-99.511529
E10922,27.47651,-99.50189
E06439,25.690195,-100.212621
E11136,25.674836,-100.191716
E09604,25.646295,-100.179619
E04660,25.640618,-100.151525
E10963,25.628212,-100.100375
E08529,25.624168,-100.064916
E09237,25.733069,-100.210169
E07037,25.74677,-100.191766
E07874,25.694383,-100.176368
E09770,25.740971,-100.167151
E06470,25.701548,-100.13024
E09531,25.791388,-100.23491
E05797,25.82875,-100.230444
E04020,25.868051,-100.231193
E11464,25.93134,-100.226288
E04170,26.463509,-100.158209
E09494,26.52440278,-100.1678889
E04843,25.743138,-100.263656
E05230,25.772498,-100.259662
E08081,25.784926,-100.252905
E03530,25.739723,-100.239122
E08087,25.766821,-100.201059
E09398,25.777102,-100.182371
E04408,25.657271,-100.222352
E05660,25.678803,-100.236475
E07544,25.684716,-100.229935
E05481,25.692602,-100.245619
E08381,25.703101,-100.231482
E05865,25.715731,-100.240318
E05328,25.625557,-100.293044
E10345,25.644512,-100.297133
E04320,25.666424,-100.279809
E02031,25.681551,-100.294655
E07514,25.690768,-100.287252
E06720,25.706442,-100.283504
E02697,25.711381,-100.291092
E04924,25.736169,-100.303493
E12181,25.749386,-100.279777
E02534,25.761642,-100.294095
E07549,25.769102,-100.304541
E08107,25.785539,-100.301765
E04478,25.701607,-100.361582
E07614,25.711778,-100.349925
E04841,25.719698,-100.359003
E10711,25.72988,-100.36868
E12380,25.73799511,-100.3278977
E07644,25.773904,-100.38111
E04621,25.674593,-100.376031
E03583,25.681174,-100.357631
E04167,25.687279,-100.335951
E04592,25.686471,-100.323337
E10762,25.683459,-100.316157
E07780,25.660335,-100.308074
E12291,25.726783,-100.534917
E06490,25.682977,-100.485237
E08815,25.697893,-100.467356
E03665,25.685239,-100.44434
E11790,25.674224,-100.42594
E10454,25.769472,-100.403294
E08116,25.765184,-100.396994
E11135,25.455952,-100.95437
E04302,25.537537,-100.946322
E05208,25.593851,-100.878701
E06599,25.39975,-101.025267
E06411,25.434159,-100.991853
E06717,25.426854,-100.977137
E09740,25.441927,-100.953175
E02255,25.446488,-100.844118
E04679,25.79505,-100.293591
E10692,25.802848,-100.276633
E05785,25.825992,-100.28749
E02074,25.966898,-100.438271
E03655,26.913858,-101.407039
E11092,25.460898,-101.135965
E04916,25.434405,-100.999489
E10183,25.457914,-100.983646
E10191,25.504578,-103.366711
E10650,25.557803,-103.354397
E01475,25.693547,-103.331874
E08739,25.485176,-103.226853
E11323,25.754116,-103.035006
E09463,25.758322,-102.976362
E11619,25.456361,-102.172063
E09483,25.568735,-103.433722
E04176,25.582531,-103.416359
E11999,25.609992,-103.448757
E04516,25.543346,-103.523024
E10457,25.552955,-103.490062
E11779,25.558049,-103.457441
E01507,25.541368,-103.439706
E07768,25.556133,-103.434534
E06933,25.558184,-103.420259
E12063,25.545772,-103.389393
E01448,24.475232,-104.000705
E08877,25.39507,-103.434748
E06592,25.511719,-103.406545
E08523,25.524036,-103.584996
E09642,25.534674,-103.464036
E09001,25.536102,-103.458311
E06952,25.585947,-103.525002
E07124,25.567242,-103.496755
E06860,25.576708,-103.490657
E09328,25.579439,-103.470373
E09799,24.012608,-104.622983
E10830,24.027975,-104.649464
E10230,24.040078,-104.604445
E12321,24.057223,-104.611825
E01444,24.403191,-104.312548
E08635,24.78799,-104.47715
E12455,25.89476,-103.4045
E02237,26.927662,-101.450611
E04723,26.867122,-101.433359
E08965,26.767381,-101.41335
E05578,26.925537,-101.418887
E03816,24.003182,-104.650127
E03336,24.016275,-104.662917
E01431,24.031431,-104.672304
E01437,24.527151,-104.769418
E01768,23.206394,-106.419944
E11160,23.23449,-106.414172
E05414,23.240768,-106.389841
E03996,23.194948,-106.33139
E07430,23.000658,-105.863846
E12827,23.36100556,-106.4787333
E06665,23.263138,-106.416829
E12205,23.271342,-106.398404
E06383,23.79609,-105.36933
E07968,24.811163,-107.148718
E05981,24.96349,-106.96725
E01450,25.04761,-105.42186
E09992,24.77087,-107.371837
E05566,24.789736,-107.366332
E03430,24.802281,-107.368477
E07770,24.805743,-107.383678
E08121,24.83094,-107.375611
E07008,24.854013,-107.394218
E08890,24.748375,-107.428285
E11397,24.770641,-107.423143
E09104,24.789635,-107.425615
E12903,24.79694444,-107.4244444
E11002,24.44255,-107.37844
E04310,24.668795,-107.445157
E11786,24.763841,-107.370876
E09187,24.662002,-107.522467
E05083,24.716577,-107.447169
E12101,24.790623,-107.444317
E04154,24.774964,-107.433674
E04120,24.802752,-107.41315
E10584,24.812707,-107.450298
E01327,24.8168,-107.4151
E04975,24.826112,-107.527043
E08872,24.842392,-107.41061
E08519,25.179838,-107.650074
E01331,24.755626,-107.69497
E11853,25.053938,-107.921997
E01318,25.363723,-108.157406
E08555,25.445584,-108.068793
E09672,25.461771,-108.079279
E08345,25.477304,-108.163557
E12873,25.52646667,-108.3563444
E12123,25.568172,-108.466808
E12788,25.58329722,-108.4707167
E01758,25.727814,-108.347626
E12986,25.7641,-108.829421
E07986,25.768083,-108.682619
E06928,25.66682,-108.517087
E12330,25.789739,-108.989984
E12163,25.79513,-108.997151
E01738,25.80633,-108.982643
E09892,25.944695,-109.170875
E02147,26.82416,-109.6378
E12212,23.07616389,-109.7061861
E10759,23.12055,-109.712089
E08887,23.467274,-110.217742
E07608,23.97648,-109.968699
E05896,24.143485,-110.294441
E01691,24.154109,-110.311643
E04570,25.5969,-109.05985
E10891,24.056614,-110.303576
E11126,24.105096,-110.337826
E08923,24.125616,-110.3465
E03725,24.133393,-110.312214
E09200,27.40894,-110.237596
E05471,27.26264,-109.941967
E10460,27.474453,-109.952754
E04667,27.483146,-109.94315
E10655,27.45218,-109.929477
E09243,22.894375,-109.939552
E10725,22.90346,-109.933528
E11455,22.911968,-109.948779
E10899,23.05886111,-109.6923528
E04036,25.061061,-111.685412
E06271,25.03243,-111.6636
E06705,25.779546,-109.007248
E09651,25.784009,-108.981026
